OBJECTID,Name,YearAnnexed,YearAnnexed_num,Shape_Length,Shape_Area
1,Old Town Longmont,1872,1872,20977.28822,27500238.3
2,Howze and Shiers addition,1903,1903,7829.611492,3447775.104
3,Wilcox Addition,1890,1890,2686.284578,450833.5232
4,Westerberg Subdivision,1946,1946,6382.121652,1904810.124
5,Gibson Addition,1945,1945,2228.552954,277878.1732
6,Gibson Additon No 2,1946,1946,2201.42552,290919.2315
7,Block 19 Hamanns Addition,1957,1957,3561.633626,515012.5303
8,Chicago Colorado Colony,1962,1962,3694.328405,698956.7806
9,Gorder-Harper Addition,1959,1959,3872.527741,819545.9614
10,Enclave twelve annexation,1990,1990,666.6449605,24656.33458
11,Meadow Ridge Annexation,1978,1978,5151.102412,754932.1813
12,Enclave eleven annexation,1990,1990,1261.834283,68308.92118
13,Meadows Addition,1972,1972,2805.74241,466305.7067
14,Crabtree Addition,1974,1974,611.1766124,23297.62481
15,Mountain View Addition,1950,1950,7970.611244,3109441.061
16,Oliver Addition,1962,1962,579.5484785,20860.50985
17,Oliver Addition II,1979,1979,2045.942219,93245.88244
18,Williamson Annexation,1977,1977,533.8762778,17293.32549
19,Clairmont Addition no 2,1967,1967,1320.587447,95730.72876
20,Westview Knolls Addition,1974,1974,2041.677621,227294.9285
21,Comer Annexation,1980,1980,806.0774598,25232.3799
22,Aalseth-Rahm Annexation,1985,1985,796.8776713,23736.03753
23,Wright Addition,1972,1972,958.3333852,50014.89907
24,Collyer Addition,1962,1962,3256.589461,508354.1779
25,Clairmont Addition,1964,1964,2001.958804,226680.11
26,Holiday Park no 4,1962,1962,3810.733187,733986.035
27,Grant Addition,1970,1970,2848.442448,520582.9031
28,Rademacher Addition,1979,1979,2258.98472,175735.3235
29,Bruns Annexation,1968,1968,2360.045634,290428.4343
30,Range View Acres,1966,1966,5227.818888,1374279.011
31,Holiday Park third filing,1962,1962,4419.748647,1052299.507
32,Holiday Park fifth filing,1963,1963,5816.54401,1162746.607
33,Hilltop Village second annexation,1970,1970,12347.09245,4782671.856
34,Park Ridge Annexation,1971,1971,7959.008098,3399656.277
35,Hein Subdivision,1963,1963,1816.934413,138259.1475
36,Park Ridge Annexation,1971,1971,4062.660821,921537.4565
37,Park Ridge Second Annexation,1974,1974,4761.846844,1268439.342
38,Park Ridge Third Addition,1975,1975,10192.28268,4553709.624
39,Rough and Ready Annexation,2004,2004,4198.871261,737730.524
40,Ordinance 944 annexation,1968,1968,6207.868367,1640726.238
41,Rees Subdivision and Addition No 3,1955,1955,837.9737986,41843.33124
42,Rees Subdivision and Addition No 2,1955,1955,775.3622913,36462.94801
43,Rees Subdivision and Addition,1955,1955,2485.63258,369393.6494
44,Kensington Place Addition,1954,1954,2645.920196,436850.4162
45,Kensington Place Addition A,1906,1906,2586.280756,418287.3835
46,Kensington Place Addition Block 3 and 4,1950,1950,2567.393629,411583.2757
47,Morningside Addition,1920,1920,2422.28822,366691.5238
48,Lashley Resubdivision and addition,1954,1954,2574.447639,413252.7178
49,East Side Subdivision,1968,1968,4068.807839,795698.9074
50,Andersons Addition,1961,1961,647.1764232,24393.95243
51,RG Annexation,2005,2005,2902.703572,145940.9124
52,Connor Subdivision,1955,1955,3388.525843,597375.5982
53,Longmont solid waste facility site annexation,1990,1990,3132.882221,511706.5446
54,Sunnyvale Addition,1970,1970,10788.95337,4675759.621
55,Sorento Addition,1975,1975,1868.988877,182926.8404
56,Enclave nineteen annexation,1990,1990,2045.598727,238630.3029
57,Skrbina 3rd filing,1969,1969,6500.414037,1741965.545
58,London Square Addition,1970,1970,10082.08447,3582745.989
59,Noreen Annexation,2006,2006,7073.812085,1035907.243
60,Hilleshog annexation,1997,1997,5860.907892,338300.8754
61,Hilleshog annexation,1997,1997,3243.491248,271110.0775
62,Hilleshog annexation,1997,1997,1011.203107,45557.10944
63,Sugar Mill Park annexation,1996,1996,8742.882794,1935831.624
64,McLane Annexation,1989,1989,24113.54495,8644721.222
65,Ludlow annexation,1999,1999,9446.550498,5766106.383
66,FHCC CC,2000,2000,2329.577675,253286.7033
67,Sugar Mill Park no 1,1996,1996,3103.71185,533928.9606
68,MS Strong Annexation,2004,2004,5139.531358,1648159.961
69,Old Sugar Mill Farm Annexation,1994,1994,6540.106377,2463641.553
70,Sugarmill annexation,2020,2020,3649.013092,685281.757
71,Golden Farm no 1,2008,2008,28490.48865,4233196.47
72,Ohmie annexation,2004,2004,4964.850551,1328355.5
73,Old Sugar Mill East,1996,1996,4739.809554,1059581.172
74,Gomer Annexation,2008,2008,957.3771285,57082.35879
75,Mayeda annexation,1998,1998,10698.62832,5892233.686
76,Sandstone ranch 1,1999,1999,15831.5121,8390681.346
77,Collins annexation,2012,2012,5627.916438,1951751.729
78,Sandstone ranch 2,1999,1999,5522.155249,1457723.127
79,St Vrain annexation 1,2010,2010,17594.82058,6100633.333
80,St vrain annexation 2,2010,2010,48045.82655,25418937.82
81,Sherwood annexation,2011,2011,15481.95858,9797413.94
82,St vrain annexation 3,2010,2010,7067.455783,2693545.386
83,St vrain annexation 4,2010,2010,2876.507187,518313.7818
84,Concepts direct annexation 2,1996,1996,10096.06263,6225248.049
85,Concepts direct annexation 1,1996,1996,5885.107815,1011895.384
86,Bolen Annexation,2005,2005,836.7523016,43758.90616
87,Alternative homes for youth annexation,2005,2005,780.4263763,38002.82905
88,Union Reservoir annexation 1,2005,2005,19976.61659,17473440.13
89,Adrian Annexation 2,2011,2011,11615.88236,5837599.865
90,Maruyama annexation,1999,1999,11923.02491,7752993.883
91,Rider Annexation,1997,1997,11974.78252,8610873.747
92,Bertolin annexation,2003,2003,1805.27393,203353.4837
93,East Longmont addition no 3,1988,1988,8973.665663,4261312.723
94,Red Fox Run annexation,2003,2003,2245.987912,290764.7493
95,FHCC clubhouse annexation,2000,2000,1217.772236,84622.8077
96,Skeffington annexation,2007,2007,5021.892213,534627.1986
97,Pace street station annexation,2001,2001,623.9557412,24238.10089
98,Pace street station annexation,2001,2001,636.2964207,25160.76493
99,Fox Hill Addition 3,1976,1976,7064.888684,2164733.899
100,Fox Hill Addition no 2,1974,1974,4374.398136,902741.4823
101,Rider Ridge,1979,1979,10636.09503,4709604.613
102,St Vrain Valley School District no 2,1976,1976,2385.326497,292908.2731
103,Skrbina fourth addition,1969,1969,9554.808716,3728844.637
104,Fox hill addition,1973,1973,8348.808084,1782221.244
105,Adrian annexation no 1,2011,2011,7007.436343,2702911.852
106,Union Reservoir annexation 2,2007,2007,60368.72145,41184279.26
107,French annexation,2007,2007,8008.78379,3685915.548
108,Union Reservoir annexation 3,2011,2011,11089.0452,6204713.112
109,Bogott annexation,2012,2012,8146.320907,3634862.303
110,Elmore annexation,2004,2004,7866.919268,3456705.574
111,Spring Valley Annexation,1994,1994,26570.6113,26623649.43
112,Montgomery Farm Annexation,1999,1999,1632.937802,118132.3486
113,Jim Hamm Nature Area Annexation,2001,2001,4989.695061,1493099.553
114,Hewlett Packard Annexation,1982,1982,15887.51213,13714308.51
115,Dodd estate Annexation,1996,1996,9066.839955,3870675.371
116,SVVSD no 1,1976,1976,5641.939128,1716990.59
117,Dodd Annexation,1984,1984,5681.880393,1267607.835
118,Hill Top Annexation,1964,1964,5605.724026,1948629.219
119,MS Addition,1977,1977,9392.314579,4881101.711
120,Pleasant Valley Annexation,1995,1995,11334.41956,6537028.955
121,Daniels Annexation,2006,2006,2604.26502,411120.6458
122,Lujan Addition,1990,1990,1215.277753,91628.07685
123,Heartland Addition Annexation,1987,1987,11012.84571,6670939.539
124,Meadow Street substation annexation,1989,1989,1677.43921,74035.46904
125,Mumford Heights,1967,1967,16520.45508,6712383.421
126,Barrett Utility Annexation,2008,2008,5257.146718,1730763.494
127,Walmart annexation phase 1,2004,2004,5331.77585,1724936.575
128,Walmart annexation phase 2,2004,2004,5419.403316,1837445.418
129,Sill Tilton Annexation,1969,1969,10649.51406,5730806.928
130,Macy Annexation,1978,1978,5389.177747,1356602.501
131,Park Crest Annexation,1982,1982,3501.146766,551399.972
132,Lanyon park subdivision,1965,1965,2411.788698,330069.2909
133,Wadsworth addition,1964,1964,3092.6623,569038.3533
134,Western Meadows addition,1969,1969,8465.675807,2947503.004
135,Pomona subdivision,1962,1962,3437.802421,438491.0058
136,Rosewood subdivision,1960,1960,3578.012147,590262.5607
137,Holiday Park second filing,1961,1961,3572.801801,616624.3005
138,Holiday Park,1960,1960,4126.599607,960150.0429
139,Franks Addition,1958,1958,1982.202046,210477.5254
140,Hamilton Heights addition,1956,1956,6971.716387,1272007.369
141,Leichliter first addition,1955,1955,1716.661485,176872.1231
142,Memorial addition,1952,1952,1252.516814,96948.76422
143,Carter Addition,1955,1955,1127.76608,76667.51387
144,Hamilton Heights addition 2,1956,1956,2569.699217,411346.9835
145,Browns center subdivision,1963,1963,3817.573903,753792.6028
146,Linda Vista,1959,1959,3149.441451,613280.2459
147,Yeager garden acres 4,1962,1962,3006.610268,560339.4219
148,Garden acres 5,1962,1962,7975.337743,2160329.144
149,Yeager garden acres 6,1968,1968,4170.855911,599979.4157
150,Garden greens addition 1,1969,1969,3866.477945,833863.9569
151,Garden greens addition 2,1970,1970,13235.62113,2540041.264
152,Yeager garden acres 7,1967,1967,2101.381241,254189.4229
153,Yeager garden acres 3,1961,1961,1975.749644,208390.1943
154,Johnsons corner addition,1962,1962,1656.032129,119162.5164
155,Enclave 8a annexation,1990,1990,2350.629292,212686.0877
156,Karl Elliott annexation,1977,1977,1573.449955,102119.5435
157,Longmont addition 1,1977,1977,758.3577574,30344.23643
158,Meinecke addition,1956,1956,2043.026453,221613.0195
159,Safeway annexation,1955,1955,2112.178476,252040.3802
160,Weston Addition,1966,1966,1963.95419,220809.7992
161,Mobile addition,1963,1963,1937.126503,210130.1084
162,Wrangler Addition,1964,1964,1939.277951,208830.6343
163,Braly addition,1970,1970,1986.110857,223198.7315
164,Burnhams addition,1956,1956,1949.408891,211332.3312
165,Burnhams second addition,1961,1961,971.9105289,50819.49331
166,Enclave 5b annexation,1990,1990,1810.721571,143599.5506
167,Pendletons addition,1961,1961,921.1527375,37118.12153
168,Enclave 8b annexation,1990,1990,2725.097797,464064.028
169,Keith addition,1975,1975,623.4481213,22810.03357
170,Paxton addition 3,1987,1987,2048.805413,211998.7137
171,Paxton addition lot 20,1969,1969,2028.729604,228046.3835
172,Cowling addition,1968,1968,2729.595017,461710.3976
173,enclave 9 annexation,1990,1990,3515.882843,547378.01
174,Rodriguez annexation,1977,1977,2469.343412,215501.5769
175,Enclave 10 annexation,1990,1990,629.6943637,23228.45168
176,Kemps redivision,1952,1952,1249.400324,87763.97762
177,Lanham addition,1978,1978,1129.263124,62047.69242
178,Norbert addition,1964,1964,3263.231962,396042.9881
179,Mountain view meadows,1972,1972,2103.354739,263102.0195
180,Morgans resubdivision,1978,1978,1281.801837,93428.93461
181,Kidd addition 2,1975,1975,885.8641442,49028.72269
182,Olander and Forbes redivision,1954,1954,2586.83499,417996.7613
183,Morgan and Forbes division,1952,1952,2667.151025,444602.0062
184,Forbes division,1951,1951,2650.291282,438688.7271
185,Loomiller and Forbes addition,1956,1956,3794.271864,736686.0301
186,Mountain view west,1954,1954,2613.105542,426803.2637
187,Longmont Land Company,1958,1958,4236.338184,1050219.167
188,Mountain view num 2,1956,1956,2921.557237,531099.984
189,Enclave 5c annexation,1990,1990,5324.757826,1676456.392
190,Hutchins addition,1956,1956,2603.662847,423043.0281
191,Cushman land development,1973,1973,2022.132347,156669.1252
192,Peterson third addition,1971,1971,864.0615416,39910.65448
193,Bethlehem Lutheran Church Addition,1965,1965,1985.215097,217431.4224
194,Peterson second annexation,1970,1970,400.2574434,9486.739722
195,Peterson addition,1969,1969,384.9687322,8456.35917
196,Enclave 7 annexation,1990,1990,486.6052561,14745.69455
197,Paxton addition 1,1967,1967,2176.692438,280528.1367
198,Sunny Slope Addition,1956,1956,1817.078662,158926.9005
199,Enclave 6 annexation,1990,1990,780.4389375,36116.78889
200,Bickel redivision,1955,1955,2039.150482,192899.9066
201,Lukenbach and Forbes,1955,1955,1948.490624,203210.301
202,Dell acres,1955,1955,5354.798637,1263359.97
203,McCarty addition,1976,1976,2188.186627,223094.6875
204,Dell acres second filing,1960,1960,796.9257755,35278.26635
205,H Brown Addition,1970,1970,1018.028239,59516.04908
206,Handwerk addition,1968,1968,897.2567827,37613.98445
207,Morgan and Wegner,1955,1955,1887.26714,186270.7757
208,Broadview addition,1952,1952,4005.8472,886265.2765
209,Longs peak addition a,1946,1946,2719.101547,461536.0382
210,Longs Peak Addition,1946,1946,2604.271375,423861.9157
211,Parkwood,1906,1906,3286.510683,655643.7729
212,Rosedale addition,1908,1908,3319.3292,481851.0883
213,Grandview addition,1907,1907,2975.280032,497124.4528
214,Butlers addition,1886,1886,2026.739861,207004.9431
215,Coffmans first addition,1885,1885,3959.738402,778103.0395
216,Coffmans first addition,1885,1885,1599.662367,114185.8133
217,Bohn farm annexation,2005,2005,2045.039936,257830.8316
218,Dollhouse acres,1964,1964,4868.164161,518981.8446
219,Coffmans second addition,1963,1963,3198.364157,535332.2364
220,Hildebrandt annexation,2012,2012,2928.069832,169024.1238
221,Stickler addition,1971,1971,2440.393198,360512.0071
222,Enclave 18 annexation,1990,1990,802.081073,39062.22243
223,Kent and Davis addtion,1891,1891,3961.743847,834734.2205
224,Dagle addition,1971,1971,3119.159187,389595.2454
225,Simpson addition,1973,1973,642.1239188,25661.45109
226,Sunset annexation,1978,1978,1931.29757,125508.2055
227,Sunset meadows annexation,1984,1984,2205.134833,257281.9973
228,Enclave seventeen annexation,1990,1990,1041.335622,53955.78017
229,Painter subdivision,1952,1952,2034.749101,172659.4072
230,Valley view subdivision,1960,1960,1919.276988,221066.0212
231,Nelson subdivision,1946,1946,3317.304391,403480.9413
232,Nelson subdivision 2,1958,1958,743.0686278,30655.99954
233,Parker annexation,2012,2012,2458.31028,190863.7186
234,Crestridge addition,1961,1961,2009.171255,191114.5524
235,Long view addition,1961,1961,5777.729833,1619873.089
236,Smith addition,1972,1972,516.4883492,13579.43044
237,Ambassador addition,1975,1975,1139.046356,71727.4869
238,Jones addition,1972,1972,1008.387588,38351.15525
239,Sunset golf course,1922,1922,7863.074836,2619235.004
240,Capital hill addition,1890,1890,3903.098199,854219.9771
241,Warners addition,2007,2007,2708.048761,458327.6991
242,Turrells addition,1903,1903,2580.532513,415240.8293
243,Harsch addition,1944,1944,1966.504933,213924.9388
244,Browns addition,1946,1946,5325.989062,1556016.136
245,Johnston and cary annexation,1978,1978,937.6106495,38753.89456
246,Enclave fifteen a annexation,1990,1990,526.0961985,16150.5535
247,Enclave fifteen b annexation,1990,1990,679.9805138,24549.73511
248,Hull replat,1968,1968,950.8133054,46142.58536
249,Trinity baptist church,1974,1974,953.1546275,54328.07985
250,Allshouse addition,1969,1969,908.8406254,36724.70533
251,Halls replat,1966,1966,1005.090201,53607.69
252,Congregational addition,1969,1969,1041.369659,59951.2205
253,High school addition,1962,1962,5446.515436,1440524.155
254,Longmont land company addition 2,1960,1960,6637.428056,2188975.881
255,Longmont park addition,1962,1962,2682.576569,449060.4688
256,Mountain view west 2,1957,1957,2482.331169,383995.046
257,Yeager west point addition,1962,1962,4225.629352,631810.3422
258,Yeager westpoint 2,1966,1966,4002.019323,866712.0664
259,West point addition 3,1976,1976,5044.364461,1574660.093
260,Twin peaks christian center annexation,1987,1987,3827.588674,818854.3668
261,Enclave five a annexation,1990,1990,5024.752492,1336651.083
262,Hennington addition,1971,1971,4198.59651,960389.7678
263,Park north addition,1974,1974,4931.229579,1508743.013
264,Park north annexation 2,1974,1974,5737.468827,2046777.96
265,Beauprez annexation,2008,2008,8727.909085,4523302.916
266,Park Valley first addition,1976,1976,6785.400916,1971134.653
267,Horizon west 2,1979,1979,6494.274231,1575766.565
268,Woodmeadow,1979,1979,9389.590352,3734556.16
269,Mcnevin annexation,1990,1990,2618.717019,365267.4727
270,Enclave five a,1990,1990,2583.2071,314029.8233
271,Enclave four,1990,1990,1848.636811,211285.5968
272,Woodmeadow two,1980,1980,1779.603911,197120.8583
273,Meadowlark,1980,1980,15825.71788,9743809.884
274,Cottonwood meadows,1981,1981,3337.72431,638759.161
275,Zeek annexation,2007,2007,5494.246851,1881703.15
276,Enclave two,1990,1990,7632.246426,1888462.663
277,Hover center,1988,1988,3111.344099,548404.9163
278,Stroh corner,1971,1971,2736.184852,451378.0941
279,FAA addition,1966,1966,3000.188925,510901.1846
280,Enclave three annexation,1990,1990,4092.82039,935952.4532
281,Westpoint addition 4,1987,1987,3702.710753,695098.6575
282,Stroh heights,1962,1962,4140.583785,960884.5342
283,Eventide addition,1962,1962,4815.249537,1139805.4
284,Stroh heights 2,1966,1966,5355.22163,1664497.308
285,Montview park,1962,1962,7224.810255,2299942.347
286,Sherri mar addition,1961,1961,4214.039589,948607.627
287,Chapel addition,1966,1966,2007.814887,192212.6776
288,Enclave thirteen annexation,1990,1990,701.6944678,30743.58761
289,Wiley Strauss Edmiston addition,1972,1972,1319.075837,87775.32475
290,Ken Dale addition,1972,1972,1166.875585,73428.8106
291,Ken Dale addition replat,1967,1967,2129.569459,161745.3245
292,Ken Dale addition replat,1967,1967,696.94592,30725.98202
293,Sherri mar 2 addition,1969,1969,1669.398771,97520.42293
294,Prebish addition,1969,1969,2708.128899,225953.1849
295,Enclave fourteen,1990,1990,699.4592995,25980.27751
296,Ken Dale addition replat,1968,1968,409.7222776,9901.25325
297,Resler addition,1970,1970,495.3502566,15513.0864
298,Ken Dale replat,2005,2005,863.3787963,42053.48571
299,Current annexation,1979,1979,666.6827222,25414.77004
300,Ken Dale addition replat,1972,1972,877.4210783,33976.76269
301,Speidel annexation,2005,2005,746.1874151,34784.44876
302,Centerview addition annexation,1990,1990,691.5772653,25306.41283
303,Hover ridge annexation,1995,1995,2722.978656,403875.2568
304,Green addition,1971,1971,3558.510813,446583.1119
305,Longmont clinic addition,1961,1961,2609.740353,425513.6906
306,Sleepy hollow,1962,1962,2568.464995,412295.9967
307,Parkside 2,1960,1960,5292.011637,1262570.543
308,Parkside,1960,1960,1801.074299,202003.7827
309,Parkside 3,1960,1960,2297.617842,341150.6875
310,Faiths amended replat,1955,1955,2057.555438,254504.9619
311,Faiths replat 1,1960,1960,1144.627289,67630.56209
312,Torbeck,1959,1959,458.1038104,12501.61152
313,Sunset Circle,1952,1952,1772.977066,193393.5266
314,Panorama heights,1960,1960,4527.397102,942381.7489
315,Hillside acres,1958,1958,954.48991,44875.58446
316,Hillside acres,1959,1959,1970.137761,169301.2833
317,Hillside acres,1962,1962,931.347158,51924.97637
318,ninth and hover,2005,2005,5191.480436,494703.5263
319,Tuholski addition,1964,1964,2098.660785,184468.3624
320,MHN lot 1,1969,1969,863.8206451,41849.83965
321,MNH lot 2,1976,1976,978.3830975,54192.48633
322,Enclave sixteen,1990,1990,829.3920119,36158.97909
323,Sullivan addition,1969,1969,1784.888766,162987.5971
324,Bender addition,1973,1973,879.6939317,49274.39981
325,Westlake manors annexation,1981,1981,11734.65739,5665069.506
326,Lake park estates,1982,1982,7652.420387,3217891.447
327,Enclave one b,1990,1990,1349.255037,48000.79652
328,Enclave one,1990,1990,4042.116665,887043.9121
329,The shores,1982,1982,13116.36976,6965813.638
330,The shores,1995,1995,2539.292075,409873.0173
331,Longmont village annexation,1970,1970,16145.02761,6717826.609
332,Lake Mcintosh farm,1995,1995,3241.42961,473513.5138
333,Westview Middle School,1991,1991,4333.144373,1192483.589
334,Longmont estates,1967,1967,22945.34381,14377479.1
335,La vista estates,1967,1967,4569.025465,1281024.77
336,Longmont Estates third filing,1967,1967,7643.509472,1974556.221
337,Longmont estates second filing,1965,1965,5355.535135,1427434.498
338,Hover acres addition,1975,1975,10661.1411,7132101.947
339,Longmont estates,1962,1962,7567.702358,2108683.177
340,Western hill addition,1969,1969,4152.140233,887633.2745
341,Uglum addition,1971,1971,1069.675504,43872.79087
342,Colorado brick annexation,1984,1984,2677.083413,445748.9093
343,Colorado brick 2,1991,1991,2733.871346,471693.1736
344,Reynolds farm annexation,1979,1979,2601.719972,342325.6553
345,Rannells annexation,1981,1981,1072.539317,68407.96487
346,Airport road annexation,2012,2012,12696.33868,629974.0096
347,Longmont estates greens,1980,1980,5986.204511,1861711.978
348,Golf course annexation,1990,1990,4827.897401,582954.9009
349,The valley annexation,1980,1980,4972.692352,1369176.67
350,Peakview estates,2019,2019,3314.748255,319050.423
351,Mill creek annexations,1995,1995,3419.396351,625461.1203
352,Bliss and Brack annexation,2005,2005,1873.969562,170164.9378
353,Golden ponds 2,1995,1995,6174.814804,811883.9804
354,Inman Nemnich annexation,2005,2005,1394.286303,99549.18023
355,Gutierrez addition,1969,1969,933.7506274,51135.48729
356,Hover west annexation,1983,1983,5269.700879,1177601.547
357,Irwin Thomas 2,2017,2017,6620.363276,762853.4551
358,Irwin Thomas 2,2017,2017,6868.202517,875721.5308
359,Irwin Thomas 1,2017,2017,5407.728678,1282633.124
360,Irwin Thomas 1,2017,2017,13809.6103,9300271.519
361,SVVSD Quail Road,2018,2018,9192.708649,3958808.214
362,Quail east,2000,2000,4258.738342,916374.7977
363,Barrett addition,1969,1969,7760.546114,3323024.553
364,Quail Ridge annexation,1995,1995,7865.571348,2652910.121
365,Baker Annexation,1999,1999,15096.70228,11746166.29
366,Dickens Farm annexation,2001,2001,12033.39454,5780130.201
367,Turkey Plant Addition,1973,1973,4337.783659,668030.0485
368,South Longmont Addition,1947,1947,3413.197419,732492.3114
369,Dickens Homestead annexation,2003,2003,1854.595584,159094.6711
370,VFW Addition,1969,1969,2332.158089,322330.7941
371,Harvest Junction North annexation,2006,2006,3028.947133,258568.5771
372,Harvest junction southwest,2008,2008,3355.177601,304874.9454
373,Dickens development,1965,1965,4190.942735,710382.5235
374,Quail commercial annexation,2013,2013,3280.634361,491720.732
375,St Vrain addition,1960,1960,14047.37642,9145084.914
376,Southmoor addition,1963,1963,15370.6644,8465937.317
377,Southmoor park 2,1967,1967,6374.999606,1926991.802
378,Southmoor park 2,1969,1969,8203.659777,3145067.097
379,Wallace addition annexation,1996,1996,7993.726553,3786528.55
380,Rainbow ridge 1,1992,1992,2460.707361,376676.5689
381,Rainbow ridge estates,2001,2001,4449.403953,1247886.415
382,Pike phase 1,1987,1987,12357.58604,6289651.084
383,Melody valley,1970,1970,12751.76859,8653853.704
384,Skrbina 2 subdivision,1969,1969,4279.196873,1103725.114
385,Longmont Industrial Park,1969,1969,7857.231545,2788136.691
386,Neptune Movers inc,1967,1967,3462.738189,651644.7324
387,Enclave twenty three annexation,1990,1990,1510.41627,141661.7664
388,Osborne annexation,1987,1987,1386.353233,111117.9409
389,Longs peak industrial park,1975,1975,12056.66433,5229637.857
390,Enclave twenty four annexation,1990,1990,1093.749781,67382.7839
391,Longs peak industrial 2,1978,1978,4679.891582,1186211.326
392,Pike phase 3,1987,1987,9648.16416,3619719.463
393,Pike phase 2,1987,1987,7108.920434,3114936.395
394,Pike phase 4,1987,1987,4629.30015,893575.0146
395,Village gardener annexation,1997,1997,5473.703106,875099.7439
396,Village at burlington annexation,1996,1996,5934.960164,1358377.347
397,Longmont mall phase 2,1983,1983,2667.546718,316033.8934
398,Longmont mall,1981,1981,8614.553588,4071481.238
399,Diagonal business park,1984,1984,5788.209708,1409232.519
400,Tessier annexation,2005,2005,1396.564421,90212.04186
401,Fletcher annexation,2001,2001,1564.455621,138258.9323
402,Flower bin annexation,1990,1990,1078.186151,70068.25596
403,Enclave twenty one annexation,1990,1990,8376.122973,840733.9697
404,Longmont industrial 2,1966,1966,3237.12372,508304.1695
405,St Vrain mobile home park,1967,1967,5244.489393,1109190.756
406,Benson Houston addition,1969,1969,4626.470445,1215023.678
407,Tilford addition,1969,1969,2974.858319,240730.8165
408,Colorado materials annexation,2010,2010,4365.954166,1206082.471
409,Riverset annexation,2021,2021,2676.279697,317617.7147
410,River annexation,2016,2016,1299.627868,75666.84947
411,Woodleys annexation,1997,1997,1103.475329,60190.31178
412,County subdivision,1962,1962,4456.842044,1175486.218
413,C and M addition,1968,1968,1643.122931,133756.612
414,Izaak Walton park annexation,1999,1999,4944.667857,1052379.427
415,Longs peak industrial park,1975,1975,4675.885668,1326043.426
416,Longs peak industrial park 4,1996,1996,2379.516111,341575.0445
417,Golden addition phase 1 and 2,1994,1994,3839.706469,579854.8994
418,Golden addition phase 1 and 2,1994,1994,2294.505903,294192.9458
419,Parks and forestry 1,2004,2004,546.9753414,18690.33613
420,Parks and forestry 2,2004,2004,1770.13877,169248.3009
421,Rogers grove annexation,2015,2015,12156.92367,3953665.709
422,Golden ponds annexation,2007,2007,11286.84254,4333216.555
423,Neighbors redmond flat lands 3,2017,2017,11868.1184,3576321.782
424,Neighbors redmond flat lands 2,2017,2017,11874.51398,3708785.603
425,Neighbors flat lands 1,2017,2017,13043.79971,10077449.73
426,McCartyEvans annexation,1994,1994,3938.523275,840057.4539
427,HMS Rogers Road,2018,2018,14343.14466,4237737.889
428,Fairgrounds Marketplace,2016,2016,4684.142456,1320758.383
429,Home Depot center annexation,1999,1999,5413.392848,1208453.902
430,Target annexation,1994,1994,3137.02034,607033.7079
431,StVrain Center annexation,1987,1987,11304.17643,7810932.897
432,Nova annexation,2017,2017,3452.182606,474435.0272
433,Longmont Kennel enclave annexation,1991,1991,1510.238637,142012.5626
434,Storage tech corp 2,1981,1981,11218.34793,6808209.836
435,Shapard annexation,2000,2000,2133.516882,175434.0789
436,Gateway annexation,1997,1997,4372.467738,867471.1767
437,Dollaghan annexation,1995,1995,5049.731623,1647576.762
438,Musselman annexation 1,1994,1994,5302.21288,1757007.519
439,Musselman annexation 2,1994,1994,5305.672337,1759078.265
440,Weibel Duvall annexation,1997,1997,14748.80804,6916903.145
441,Bruce property annexation,1996,1996,6347.115664,1520007.409
442,Bruehsel annexation,2009,2009,6705.086283,1533188.632
443,Kahl Annexation,2007,2007,3420.138173,498980.9143
444,Northstar,2014,2014,8278.372359,1756188.342
445,Clover creek annexation,1993,1993,9277.843089,5242334.254
446,Grandview heights 1,1987,1987,1901.085121,188150.8356
447,Grandview heights 2,1987,1987,3162.19214,483108.0593
448,Willow creek crossing annexation,1993,1993,7911.893218,3393768.611
449,Fordham and nelson annexation,2005,2005,873.8816212,40801.00439
450,Klug annexation,2005,2005,3332.758071,415107.4862
451,Nelson road hepp annexation,1995,1995,3969.273605,874920.6921
452,AJ Martinez annexation,2004,2004,3175.775789,356659.7553
453,Nelson road annexation,2008,2008,1767.943749,80246.90499
454,Andersen annexation,2006,2006,6741.464721,766313.2047
455,Modern western annexation,2019,2019,4661.504525,718770.3292
456,Schlagel williams annexation,1999,1999,10795.2865,4558934.461
457,Park meadows annexation,2003,2003,2708.313145,442326.2654
458,Bowes annexation,2016,2016,2539.079275,399102.2217
459,Westbrook annexation,1994,1994,3282.636718,448061.9993
460,Meadowview 3,1992,1992,10326.25251,4621091.765
461,Atkinson annexation,2005,2005,690.1720714,28633.77971
462,Meadowview 2,1992,1992,6586.823926,1966282.527
463,Kern annexation,2001,2001,4989.735612,749567.2032
464,Meadowview 1,1992,1992,7792.271708,3538383.366
465,Northern CO water conservancy district annexation,2001,2001,1860.024486,133891.2329
466,Schlagel annexation 1,1994,1994,13084.63196,10489270.25
467,Clover Basin 40 annexation,1997,1997,6550.38493,1727147.88
468,Deberry annexation,1995,1995,6723.621462,1832218.2
469,Schlagel annexation 2,1994,1994,13327.18716,7193662.584
470,Kubat annexation,2004,2004,10788.91149,7274439.901
471,Meadow mountain annexation,1996,1996,11324.03526,6733201.677
472,Randleman annexation,1997,1997,10677.5179,7020901.467
473,Clover basin farm annexation,1997,1997,10612.13734,7036082.314
474,Huff annexation,2003,2003,10182.36175,6752861.398
475,Airport phase 2,1989,1989,16639.18327,11527566.18
476,Westport business park annexation,1997,1997,6289.107083,2052824.05
477,Harroun annexation,1992,1992,4853.461689,1009661.011
